Alg,Set_Num,Rep_num,Fitness,Seconds
rhc,0,0,44.0,0.0
rhc,0,10,46.0,0.0
rhc,0,20,50.0,0.0
rhc,0,30,52.0,0.0
rhc,0,40,54.0,0.0
rhc,0,50,54.0,0.0
rhc,0,60,56.0,0.0
rhc,0,70,56.0,0.000999927520752
rhc,0,80,56.0,0.0
rhc,0,90,58.0,0.0
rhc,0,100,58.0,0.000999927520752
rhc,0,110,58.0,0.0
rhc,0,120,58.0,0.0
rhc,0,130,58.0,0.0
rhc,0,140,58.0,0.0
rhc,0,150,58.0,0.0
rhc,0,160,58.0,0.0
rhc,0,170,58.0,0.0
rhc,0,180,58.0,0.0
rhc,0,190,58.0,0.0
rhc,0,200,58.0,0.0
rhc,0,210,58.0,0.0
rhc,0,220,58.0,0.0
rhc,0,230,58.0,0.0
rhc,0,240,58.0,0.0
rhc,0,250,58.0,0.0
rhc,0,260,60.0,0.0
rhc,0,270,60.0,0.0
rhc,0,280,60.0,0.0
rhc,0,290,60.0,0.0
rhc,0,300,60.0,0.0
rhc,0,310,60.0,0.0
rhc,0,320,60.0,0.00100016593933
rhc,0,330,60.0,0.0
rhc,0,340,60.0,0.0
rhc,0,350,60.0,0.0
rhc,0,360,62.0,0.0
rhc,0,370,62.0,0.0
rhc,0,380,62.0,0.0
rhc,0,390,64.0,0.0
rhc,0,400,64.0,0.0
rhc,0,410,64.0,0.0
rhc,0,420,64.0,0.0
rhc,0,430,64.0,0.000999927520752
rhc,0,440,64.0,0.0
rhc,0,450,64.0,0.0
rhc,0,460,64.0,0.0
rhc,0,470,66.0,0.0
rhc,0,480,66.0,0.0
rhc,0,490,68.0,0.0
rhc,1,0,36.0,0.0
rhc,1,10,38.0,0.000999927520752
rhc,1,20,42.0,0.0
rhc,1,30,46.0,0.0
rhc,1,40,48.0,0.0
rhc,1,50,48.0,0.0
rhc,1,60,48.0,0.0
rhc,1,70,54.0,0.0
rhc,1,80,57.0,0.0
rhc,1,90,59.0,0.0
rhc,1,100,59.0,0.0
rhc,1,110,59.0,0.0
rhc,1,120,61.0,0.00100016593933
rhc,1,130,61.0,0.0
rhc,1,140,61.0,0.0
rhc,1,150,61.0,0.0
rhc,1,160,61.0,0.0
rhc,1,170,61.0,0.0
rhc,1,180,61.0,0.000999927520752
rhc,1,190,61.0,0.0
rhc,1,200,61.0,0.0
rhc,1,210,61.0,0.0
rhc,1,220,61.0,0.0
rhc,1,230,61.0,0.0
rhc,1,240,61.0,0.0
rhc,1,250,61.0,0.0
rhc,1,260,63.0,0.0
rhc,1,270,63.0,0.0
rhc,1,280,63.0,0.0
rhc,1,290,63.0,0.0
rhc,1,300,63.0,0.0
rhc,1,310,63.0,0.0
rhc,1,320,63.0,0.0
rhc,1,330,63.0,0.0
rhc,1,340,63.0,0.0
rhc,1,350,63.0,0.0
rhc,1,360,63.0,0.0
rhc,1,370,63.0,0.0
rhc,1,380,63.0,0.0
rhc,1,390,63.0,0.0
rhc,1,400,63.0,0.0
rhc,1,410,63.0,0.0
rhc,1,420,63.0,0.0
rhc,1,430,63.0,0.0
rhc,1,440,63.0,0.0
rhc,1,450,65.0,0.0
rhc,1,460,65.0,0.0
rhc,1,470,65.0,0.0
rhc,1,480,65.0,0.0
rhc,1,490,65.0,0.0
rhc,2,0,38.0,0.0
rhc,2,10,38.0,0.0
rhc,2,20,44.0,0.0
rhc,2,30,46.0,0.0
rhc,2,40,46.0,0.0
rhc,2,50,48.0,0.0
rhc,2,60,52.0,0.0
rhc,2,70,53.0,0.0
rhc,2,80,53.0,0.0
rhc,2,90,53.0,0.0
rhc,2,100,53.0,0.0
rhc,2,110,57.0,0.0
rhc,2,120,57.0,0.0
rhc,2,130,59.0,0.0
rhc,2,140,59.0,0.0
rhc,2,150,59.0,0.000999927520752
rhc,2,160,59.0,0.0
rhc,2,170,61.0,0.0
rhc,2,180,61.0,0.0
rhc,2,190,61.0,0.0
rhc,2,200,61.0,0.0
rhc,2,210,61.0,0.0
rhc,2,220,61.0,0.0
rhc,2,230,61.0,0.0
rhc,2,240,61.0,0.0
rhc,2,250,61.0,0.0
rhc,2,260,61.0,0.0
rhc,2,270,61.0,0.0
rhc,2,280,61.0,0.000999927520752
rhc,2,290,61.0,0.0
rhc,2,300,61.0,0.0
rhc,2,310,61.0,0.0
rhc,2,320,61.0,0.0
rhc,2,330,63.0,0.0
rhc,2,340,63.0,0.0
rhc,2,350,63.0,0.000999927520752
rhc,2,360,63.0,0.0
rhc,2,370,63.0,0.0
rhc,2,380,63.0,0.0
rhc,2,390,63.0,0.0
rhc,2,400,63.0,0.0
rhc,2,410,65.0,0.0
rhc,2,420,65.0,0.0
rhc,2,430,65.0,0.0
rhc,2,440,65.0,0.0
rhc,2,450,65.0,0.0
rhc,2,460,65.0,0.0
rhc,2,470,65.0,0.0
rhc,2,480,65.0,0.0
rhc,2,490,65.0,0.0
rhc,3,0,40.0,0.0
rhc,3,10,46.0,0.0
rhc,3,20,50.0,0.0
rhc,3,30,56.0,0.0
rhc,3,40,56.0,0.0
rhc,3,50,56.0,0.000999927520752
rhc,3,60,56.0,0.0
rhc,3,70,56.0,0.0
rhc,3,80,58.0,0.0
rhc,3,90,58.0,0.0
rhc,3,100,58.0,0.0
rhc,3,110,58.0,0.0
rhc,3,120,58.0,0.0
rhc,3,130,60.0,0.0
rhc,3,140,60.0,0.0
rhc,3,150,60.0,0.0
rhc,3,160,60.0,0.0
rhc,3,170,60.0,0.0
rhc,3,180,60.0,0.0
rhc,3,190,60.0,0.000999927520752
rhc,3,200,62.0,0.0
rhc,3,210,62.0,0.0
rhc,3,220,62.0,0.0
rhc,3,230,62.0,0.0
rhc,3,240,62.0,0.0
rhc,3,250,62.0,0.0
rhc,3,260,62.0,0.0
rhc,3,270,62.0,0.0
rhc,3,280,62.0,0.0
rhc,3,290,64.0,0.0
rhc,3,300,64.0,0.0
rhc,3,310,64.0,0.0
rhc,3,320,64.0,0.0
rhc,3,330,64.0,0.0
rhc,3,340,64.0,0.0
rhc,3,350,64.0,0.0
rhc,3,360,64.0,0.0
rhc,3,370,64.0,0.0
rhc,3,380,64.0,0.0
rhc,3,390,64.0,0.0
rhc,3,400,64.0,0.0
rhc,3,410,64.0,0.0
rhc,3,420,64.0,0.0
rhc,3,430,64.0,0.0
rhc,3,440,64.0,0.0
rhc,3,450,64.0,0.0
rhc,3,460,64.0,0.0
rhc,3,470,64.0,0.0
rhc,3,480,64.0,0.0
rhc,3,490,64.0,0.0
rhc,4,0,45.0,0.000999927520752
rhc,4,10,47.0,0.0
rhc,4,20,49.0,0.0
rhc,4,30,53.0,0.0
rhc,4,40,53.0,0.0
rhc,4,50,55.0,0.0
rhc,4,60,55.0,0.0
rhc,4,70,55.0,0.0
rhc,4,80,55.0,0.0
rhc,4,90,55.0,0.0
rhc,4,100,55.0,0.0
rhc,4,110,55.0,0.0
rhc,4,120,57.0,0.0
rhc,4,130,57.0,0.0
rhc,4,140,61.0,0.0
rhc,4,150,63.0,0.0
rhc,4,160,63.0,0.00100016593933
rhc,4,170,63.0,0.0
rhc,4,180,63.0,0.0
rhc,4,190,63.0,0.0
rhc,4,200,63.0,0.0
rhc,4,210,63.0,0.0
rhc,4,220,63.0,0.0
rhc,4,230,63.0,0.0
rhc,4,240,63.0,0.0
rhc,4,250,63.0,0.000999927520752
rhc,4,260,63.0,0.0
rhc,4,270,63.0,0.0
rhc,4,280,63.0,0.0
rhc,4,290,63.0,0.0
rhc,4,300,63.0,0.0
rhc,4,310,63.0,0.0
rhc,4,320,63.0,0.0
rhc,4,330,63.0,0.0
rhc,4,340,65.0,0.000999927520752
rhc,4,350,65.0,0.0
rhc,4,360,65.0,0.0
rhc,4,370,65.0,0.0
rhc,4,380,65.0,0.0
rhc,4,390,65.0,0.0
rhc,4,400,65.0,0.0
rhc,4,410,65.0,0.0
rhc,4,420,65.0,0.00100016593933
rhc,4,430,65.0,0.0
rhc,4,440,65.0,0.0
rhc,4,450,65.0,0.0
rhc,4,460,65.0,0.0
rhc,4,470,65.0,0.0
rhc,4,480,65.0,0.0
rhc,4,490,65.0,0.0
rhc,5,0,37.0,0.0
rhc,5,10,41.0,0.0
rhc,5,20,43.0,0.0
rhc,5,30,43.0,0.0
rhc,5,40,45.0,0.0
rhc,5,50,45.0,0.0
rhc,5,60,45.0,0.0
rhc,5,70,49.0,0.0
rhc,5,80,49.0,0.0
rhc,5,90,53.0,0.0
rhc,5,100,53.0,0.0
rhc,5,110,55.0,0.0
rhc,5,120,55.0,0.0
rhc,5,130,57.0,0.0
rhc,5,140,57.0,0.0
rhc,5,150,57.0,0.0
rhc,5,160,59.0,0.0
rhc,5,170,59.0,0.0
rhc,5,180,59.0,0.0
rhc,5,190,59.0,0.0
rhc,5,200,59.0,0.0
rhc,5,210,59.0,0.0
rhc,5,220,59.0,0.0
rhc,5,230,59.0,0.0
rhc,5,240,59.0,0.0
rhc,5,250,59.0,0.0
rhc,5,260,59.0,0.0
rhc,5,270,59.0,0.0
rhc,5,280,59.0,0.0
rhc,5,290,59.0,0.0
rhc,5,300,59.0,0.0
rhc,5,310,59.0,0.0
rhc,5,320,59.0,0.000999927520752
rhc,5,330,59.0,0.0
rhc,5,340,61.0,0.0
rhc,5,350,61.0,0.0
rhc,5,360,61.0,0.0
rhc,5,370,61.0,0.0
rhc,5,380,61.0,0.0
rhc,5,390,61.0,0.0
rhc,5,400,63.0,0.0
rhc,5,410,63.0,0.0
rhc,5,420,63.0,0.0
rhc,5,430,63.0,0.0
rhc,5,440,63.0,0.0
rhc,5,450,63.0,0.0
rhc,5,460,63.0,0.0
rhc,5,470,63.0,0.0
rhc,5,480,63.0,0.0
rhc,5,490,63.0,0.0
rhc,6,0,46.0,0.0
rhc,6,10,46.0,0.0
rhc,6,20,46.0,0.0
rhc,6,30,46.0,0.0
rhc,6,40,50.0,0.0
rhc,6,50,52.0,0.0
rhc,6,60,54.0,0.0
rhc,6,70,54.0,0.0
rhc,6,80,58.0,0.0
rhc,6,90,60.0,0.0
rhc,6,100,62.0,0.0
rhc,6,110,62.0,0.0
rhc,6,120,62.0,0.000999927520752
rhc,6,130,62.0,0.0
rhc,6,140,62.0,0.0
rhc,6,150,62.0,0.000999927520752
rhc,6,160,62.0,0.0
rhc,6,170,64.0,0.0
rhc,6,180,64.0,0.0
rhc,6,190,64.0,0.0
rhc,6,200,64.0,0.0
rhc,6,210,64.0,0.0
rhc,6,220,64.0,0.0
rhc,6,230,66.0,0.0
rhc,6,240,66.0,0.0
rhc,6,250,66.0,0.0
rhc,6,260,66.0,0.0
rhc,6,270,66.0,0.0
rhc,6,280,66.0,0.0
rhc,6,290,66.0,0.0
rhc,6,300,66.0,0.0
rhc,6,310,67.0,0.0
rhc,6,320,67.0,0.0
rhc,6,330,67.0,0.0
rhc,6,340,67.0,0.0
rhc,6,350,67.0,0.0
rhc,6,360,67.0,0.0
rhc,6,370,67.0,0.0
rhc,6,380,67.0,0.0
rhc,6,390,67.0,0.0
rhc,6,400,67.0,0.0
rhc,6,410,67.0,0.0
rhc,6,420,67.0,0.0
rhc,6,430,67.0,0.0
rhc,6,440,67.0,0.0
rhc,6,450,67.0,0.0
rhc,6,460,67.0,0.0
rhc,6,470,67.0,0.0
rhc,6,480,67.0,0.0
rhc,6,490,67.0,0.0
rhc,7,0,29.0,0.0
rhc,7,10,29.0,0.0
rhc,7,20,31.0,0.0
rhc,7,30,35.0,0.0
rhc,7,40,35.0,0.0
rhc,7,50,37.0,0.0
rhc,7,60,39.0,0.0
rhc,7,70,43.0,0.0
rhc,7,80,47.0,0.0
rhc,7,90,47.0,0.0
rhc,7,100,49.0,0.0
rhc,7,110,50.0,0.0
rhc,7,120,54.0,0.0
rhc,7,130,54.0,0.0
rhc,7,140,56.0,0.0
rhc,7,150,56.0,0.0
rhc,7,160,58.0,0.0
rhc,7,170,58.0,0.0
rhc,7,180,58.0,0.000999927520752
rhc,7,190,58.0,0.0
rhc,7,200,58.0,0.0
rhc,7,210,58.0,0.0
rhc,7,220,58.0,0.0
rhc,7,230,58.0,0.0
rhc,7,240,58.0,0.0
rhc,7,250,58.0,0.0
rhc,7,260,58.0,0.0
rhc,7,270,58.0,0.0
rhc,7,280,58.0,0.0
rhc,7,290,60.0,0.0
rhc,7,300,60.0,0.0
rhc,7,310,60.0,0.0
rhc,7,320,62.0,0.0
rhc,7,330,62.0,0.0
rhc,7,340,62.0,0.0
rhc,7,350,62.0,0.0
rhc,7,360,62.0,0.0
rhc,7,370,62.0,0.00100016593933
rhc,7,380,62.0,0.0
rhc,7,390,62.0,0.0
rhc,7,400,62.0,0.0
rhc,7,410,62.0,0.0
rhc,7,420,62.0,0.0
rhc,7,430,62.0,0.0
rhc,7,440,62.0,0.0
rhc,7,450,62.0,0.0
rhc,7,460,62.0,0.0
rhc,7,470,62.0,0.0
rhc,7,480,62.0,0.0
rhc,7,490,62.0,0.0
rhc,8,0,49.0,0.0
rhc,8,10,49.0,0.0
rhc,8,20,53.0,0.0
rhc,8,30,57.0,0.0
rhc,8,40,57.0,0.0
rhc,8,50,59.0,0.0
rhc,8,60,59.0,0.0
rhc,8,70,61.0,0.0
rhc,8,80,63.0,0.0
rhc,8,90,63.0,0.0
rhc,8,100,63.0,0.0
rhc,8,110,63.0,0.0
rhc,8,120,63.0,0.0
rhc,8,130,63.0,0.0
rhc,8,140,63.0,0.0
rhc,8,150,63.0,0.0
rhc,8,160,63.0,0.0
rhc,8,170,63.0,0.0
rhc,8,180,63.0,0.0
rhc,8,190,63.0,0.0
rhc,8,200,63.0,0.0
rhc,8,210,63.0,0.0
rhc,8,220,63.0,0.0
rhc,8,230,63.0,0.0
rhc,8,240,63.0,0.0
rhc,8,250,63.0,0.0
rhc,8,260,63.0,0.000999927520752
rhc,8,270,63.0,0.0
rhc,8,280,63.0,0.0
rhc,8,290,63.0,0.0
rhc,8,300,63.0,0.0
rhc,8,310,65.0,0.0
rhc,8,320,65.0,0.0
rhc,8,330,65.0,0.0
rhc,8,340,65.0,0.0
rhc,8,350,65.0,0.0
rhc,8,360,65.0,0.0
rhc,8,370,65.0,0.0
rhc,8,380,65.0,0.0
rhc,8,390,65.0,0.0
rhc,8,400,65.0,0.0
rhc,8,410,65.0,0.0
rhc,8,420,65.0,0.0
rhc,8,430,65.0,0.0
rhc,8,440,65.0,0.0
rhc,8,450,65.0,0.0
rhc,8,460,65.0,0.0
rhc,8,470,65.0,0.0
rhc,8,480,65.0,0.0
rhc,8,490,65.0,0.0
rhc,9,0,42.0,0.0
rhc,9,10,46.0,0.0
rhc,9,20,50.0,0.0
rhc,9,30,52.0,0.0
rhc,9,40,52.0,0.0
rhc,9,50,52.0,0.0
rhc,9,60,52.0,0.0
rhc,9,70,53.0,0.0
rhc,9,80,55.0,0.0
rhc,9,90,55.0,0.0
rhc,9,100,55.0,0.0
rhc,9,110,55.0,0.000999927520752
rhc,9,120,55.0,0.0
rhc,9,130,55.0,0.0
rhc,9,140,55.0,0.0
rhc,9,150,55.0,0.0
rhc,9,160,55.0,0.0
rhc,9,170,55.0,0.0
rhc,9,180,55.0,0.0
rhc,9,190,55.0,0.0
rhc,9,200,55.0,0.0
rhc,9,210,55.0,0.0
rhc,9,220,55.0,0.0
rhc,9,230,55.0,0.0
rhc,9,240,55.0,0.0
rhc,9,250,55.0,0.0
rhc,9,260,55.0,0.0
rhc,9,270,59.0,0.0
rhc,9,280,59.0,0.0
rhc,9,290,59.0,0.0
rhc,9,300,59.0,0.0
rhc,9,310,59.0,0.0
rhc,9,320,59.0,0.0
rhc,9,330,59.0,0.00100016593933
rhc,9,340,59.0,0.0
rhc,9,350,59.0,0.0
rhc,9,360,59.0,0.0
rhc,9,370,59.0,0.0
rhc,9,380,59.0,0.0
rhc,9,390,59.0,0.0
rhc,9,400,61.0,0.0
rhc,9,410,61.0,0.0
rhc,9,420,61.0,0.0
rhc,9,430,61.0,0.0
rhc,9,440,61.0,0.0
rhc,9,450,61.0,0.0
rhc,9,460,61.0,0.0
rhc,9,470,61.0,0.0
rhc,9,480,61.0,0.0
rhc,9,490,61.0,0.0
sa,0,0,39.0,0.0
sa,0,10,45.0,0.0
sa,0,20,47.0,0.0
sa,0,30,47.0,0.0
sa,0,40,43.0,0.0
sa,0,50,41.0,0.0
sa,0,60,43.0,0.0
sa,0,70,43.0,0.0
sa,0,80,43.0,0.0
sa,0,90,43.0,0.0
sa,0,100,41.0,0.0
sa,0,110,43.0,0.0
sa,0,120,43.0,0.0
sa,0,130,47.0,0.0
sa,0,140,49.0,0.0
sa,0,150,49.0,0.0
sa,0,160,51.0,0.0
sa,0,170,51.0,0.0
sa,0,180,55.0,0.0
sa,0,190,55.0,0.0
sa,0,200,55.0,0.0
sa,0,210,55.0,0.0
sa,0,220,55.0,0.0
sa,0,230,55.0,0.0
sa,0,240,58.0,0.0
sa,0,250,60.0,0.0
sa,0,260,60.0,0.0
sa,0,270,60.0,0.0
sa,0,280,64.0,0.0
sa,0,290,64.0,0.0
sa,0,300,64.0,0.0
sa,0,310,64.0,0.0
sa,0,320,64.0,0.0
sa,0,330,64.0,0.0
sa,0,340,64.0,0.0
sa,0,350,64.0,0.0
sa,0,360,64.0,0.0
sa,0,370,64.0,0.0
sa,0,380,64.0,0.000999927520752
sa,0,390,64.0,0.0
sa,0,400,64.0,0.0
sa,0,410,64.0,0.0
sa,0,420,66.0,0.0
sa,0,430,66.0,0.0
sa,0,440,66.0,0.0
sa,0,450,68.0,0.0
sa,0,460,68.0,0.0
sa,0,470,68.0,0.0
sa,0,480,68.0,0.0
sa,0,490,68.0,0.0
sa,1,0,37.0,0.0
sa,1,10,37.0,0.0
sa,1,20,35.0,0.0
sa,1,30,37.0,0.0
sa,1,40,39.0,0.0
sa,1,50,39.0,0.0
sa,1,60,39.0,0.0
sa,1,70,37.0,0.0
sa,1,80,36.0,0.0
sa,1,90,40.0,0.0
sa,1,100,42.0,0.0
sa,1,110,44.0,0.0
sa,1,120,48.0,0.0
sa,1,130,52.0,0.0
sa,1,140,56.0,0.0
sa,1,150,60.0,0.0
sa,1,160,60.0,0.0
sa,1,170,60.0,0.0
sa,1,180,62.0,0.0
sa,1,190,62.0,0.0
sa,1,200,62.0,0.0
sa,1,210,62.0,0.0
sa,1,220,62.0,0.0
sa,1,230,62.0,0.0
sa,1,240,62.0,0.0
sa,1,250,62.0,0.0
sa,1,260,62.0,0.0
sa,1,270,62.0,0.0
sa,1,280,62.0,0.0
sa,1,290,64.0,0.0
sa,1,300,64.0,0.0
sa,1,310,64.0,0.0
sa,1,320,64.0,0.0
sa,1,330,64.0,0.0
sa,1,340,64.0,0.0
sa,1,350,64.0,0.0
sa,1,360,64.0,0.0
sa,1,370,65.0,0.0
sa,1,380,65.0,0.0
sa,1,390,65.0,0.0
sa,1,400,65.0,0.0
sa,1,410,65.0,0.0
sa,1,420,65.0,0.0
sa,1,430,65.0,0.0
sa,1,440,65.0,0.0
sa,1,450,65.0,0.0
sa,1,460,65.0,0.0
sa,1,470,65.0,0.0
sa,1,480,65.0,0.0
sa,1,490,65.0,0.0
sa,2,0,41.0,0.0
sa,2,10,41.0,0.0
sa,2,20,41.0,0.0
sa,2,30,42.0,0.0
sa,2,40,44.0,0.0
sa,2,50,44.0,0.0
sa,2,60,46.0,0.0
sa,2,70,44.0,0.0
sa,2,80,46.0,0.0
sa,2,90,46.0,0.0
sa,2,100,52.0,0.0
sa,2,110,54.0,0.0
sa,2,120,55.0,0.0
sa,2,130,55.0,0.0
sa,2,140,55.0,0.0
sa,2,150,55.0,0.0
sa,2,160,55.0,0.0
sa,2,170,55.0,0.0
sa,2,180,55.0,0.000999927520752
sa,2,190,57.0,0.0
sa,2,200,59.0,0.0
sa,2,210,59.0,0.0
sa,2,220,59.0,0.0
sa,2,230,59.0,0.0
sa,2,240,59.0,0.0
sa,2,250,59.0,0.0
sa,2,260,59.0,0.0
sa,2,270,59.0,0.0
sa,2,280,59.0,0.0
sa,2,290,59.0,0.0
sa,2,300,59.0,0.0
sa,2,310,61.0,0.0
sa,2,320,61.0,0.0
sa,2,330,61.0,0.0
sa,2,340,61.0,0.0
sa,2,350,61.0,0.0
sa,2,360,61.0,0.0
sa,2,370,61.0,0.0
sa,2,380,61.0,0.0
sa,2,390,61.0,0.0
sa,2,400,61.0,0.0
sa,2,410,61.0,0.0
sa,2,420,61.0,0.0
sa,2,430,61.0,0.0
sa,2,440,61.0,0.0
sa,2,450,61.0,0.0
sa,2,460,61.0,0.0
sa,2,470,61.0,0.0
sa,2,480,63.0,0.0
sa,2,490,63.0,0.0
sa,3,0,41.0,0.0
sa,3,10,41.0,0.0
sa,3,20,43.0,0.0
sa,3,30,47.0,0.0
sa,3,40,47.0,0.0
sa,3,50,49.0,0.0
sa,3,60,47.0,0.0
sa,3,70,49.0,0.0
sa,3,80,48.0,0.0
sa,3,90,50.0,0.0
sa,3,100,50.0,0.0
sa,3,110,50.0,0.0
sa,3,120,52.0,0.0
sa,3,130,58.0,0.0
sa,3,140,62.0,0.0
sa,3,150,64.0,0.0
sa,3,160,64.0,0.0
sa,3,170,64.0,0.0
sa,3,180,64.0,0.0
sa,3,190,64.0,0.0
sa,3,200,64.0,0.0
sa,3,210,64.0,0.0
sa,3,220,64.0,0.0
sa,3,230,64.0,0.0
sa,3,240,64.0,0.0
sa,3,250,64.0,0.0
sa,3,260,64.0,0.0
sa,3,270,64.0,0.0
sa,3,280,64.0,0.0
sa,3,290,64.0,0.0
sa,3,300,64.0,0.0
sa,3,310,64.0,0.0
sa,3,320,65.0,0.0
sa,3,330,65.0,0.0
sa,3,340,65.0,0.0
sa,3,350,67.0,0.0
sa,3,360,69.0,0.0
sa,3,370,69.0,0.0
sa,3,380,69.0,0.0
sa,3,390,69.0,0.0
sa,3,400,69.0,0.0
sa,3,410,69.0,0.0
sa,3,420,69.0,0.0
sa,3,430,69.0,0.0
sa,3,440,69.0,0.0
sa,3,450,69.0,0.0
sa,3,460,69.0,0.0
sa,3,470,71.0,0.0
sa,3,480,71.0,0.0
sa,3,490,71.0,0.0
sa,4,0,41.0,0.0
sa,4,10,41.0,0.0
sa,4,20,35.0,0.0
sa,4,30,37.0,0.0
sa,4,40,39.0,0.0
sa,4,50,37.0,0.0
sa,4,60,39.0,0.0
sa,4,70,39.0,0.0
sa,4,80,41.0,0.0
sa,4,90,41.0,0.0
sa,4,100,45.0,0.0
sa,4,110,45.0,0.0
sa,4,120,45.0,0.0
sa,4,130,47.0,0.0
sa,4,140,47.0,0.0
sa,4,150,47.0,0.0
sa,4,160,51.0,0.0
sa,4,170,55.0,0.0
sa,4,180,55.0,0.0
sa,4,190,57.0,0.0
sa,4,200,59.0,0.0
sa,4,210,61.0,0.0
sa,4,220,61.0,0.0
sa,4,230,61.0,0.0
sa,4,240,61.0,0.0
sa,4,250,63.0,0.0
sa,4,260,63.0,0.0
sa,4,270,63.0,0.0
sa,4,280,67.0,0.0
sa,4,290,67.0,0.0
sa,4,300,67.0,0.0
sa,4,310,67.0,0.0
sa,4,320,67.0,0.0
sa,4,330,67.0,0.0
sa,4,340,67.0,0.0
sa,4,350,67.0,0.0
sa,4,360,67.0,0.0
sa,4,370,67.0,0.0
sa,4,380,67.0,0.0
sa,4,390,67.0,0.0
sa,4,400,67.0,0.0
sa,4,410,67.0,0.0
sa,4,420,67.0,0.0
sa,4,430,67.0,0.0
sa,4,440,67.0,0.0
sa,4,450,67.0,0.0
sa,4,460,69.0,0.0
sa,4,470,69.0,0.0
sa,4,480,69.0,0.0
sa,4,490,69.0,0.0
sa,5,0,46.0,0.0
sa,5,10,48.0,0.0
sa,5,20,44.0,0.0
sa,5,30,44.0,0.0
sa,5,40,42.0,0.0
sa,5,50,44.0,0.0
sa,5,60,46.0,0.0
sa,5,70,43.0,0.0
sa,5,80,45.0,0.0
sa,5,90,46.0,0.0
sa,5,100,46.0,0.0
sa,5,110,46.0,0.0
sa,5,120,48.0,0.0
sa,5,130,50.0,0.0
sa,5,140,51.0,0.0
sa,5,150,53.0,0.0
sa,5,160,53.0,0.0
sa,5,170,53.0,0.0
sa,5,180,58.0,0.0
sa,5,190,58.0,0.0
sa,5,200,60.0,0.0
sa,5,210,60.0,0.0
sa,5,220,60.0,0.00100016593933
sa,5,230,60.0,0.0
sa,5,240,60.0,0.0
sa,5,250,60.0,0.0
sa,5,260,62.0,0.0
sa,5,270,62.0,0.0
sa,5,280,62.0,0.0
sa,5,290,62.0,0.0
sa,5,300,62.0,0.0
sa,5,310,62.0,0.0
sa,5,320,62.0,0.0
sa,5,330,62.0,0.0
sa,5,340,62.0,0.0
sa,5,350,62.0,0.0
sa,5,360,62.0,0.0
sa,5,370,62.0,0.000999927520752
sa,5,380,62.0,0.0
sa,5,390,62.0,0.0
sa,5,400,62.0,0.0
sa,5,410,64.0,0.0
sa,5,420,64.0,0.0
sa,5,430,64.0,0.0
sa,5,440,64.0,0.0
sa,5,450,64.0,0.0
sa,5,460,64.0,0.0
sa,5,470,64.0,0.0
sa,5,480,64.0,0.0
sa,5,490,64.0,0.0
sa,6,0,45.0,0.0
sa,6,10,45.0,0.0
sa,6,20,43.0,0.0
sa,6,30,41.0,0.0
sa,6,40,43.0,0.0
sa,6,50,42.0,0.0
sa,6,60,44.0,0.0
sa,6,70,46.0,0.0
sa,6,80,46.0,0.0
sa,6,90,45.0,0.0
sa,6,100,49.0,0.0
sa,6,110,51.0,0.0
sa,6,120,51.0,0.0
sa,6,130,52.0,0.0
sa,6,140,56.0,0.0
sa,6,150,56.0,0.0
sa,6,160,58.0,0.0
sa,6,170,58.0,0.0
sa,6,180,58.0,0.0
sa,6,190,58.0,0.0
sa,6,200,58.0,0.0
sa,6,210,58.0,0.0
sa,6,220,60.0,0.0
sa,6,230,60.0,0.0
sa,6,240,60.0,0.0
sa,6,250,60.0,0.0
sa,6,260,60.0,0.0
sa,6,270,60.0,0.0
sa,6,280,60.0,0.0
sa,6,290,60.0,0.0
sa,6,300,62.0,0.0
sa,6,310,62.0,0.0
sa,6,320,64.0,0.0
sa,6,330,64.0,0.0
sa,6,340,64.0,0.0
sa,6,350,64.0,0.0
sa,6,360,64.0,0.0
sa,6,370,64.0,0.0
sa,6,380,64.0,0.0
sa,6,390,64.0,0.0
sa,6,400,64.0,0.0
sa,6,410,64.0,0.0
sa,6,420,64.0,0.0
sa,6,430,64.0,0.0
sa,6,440,64.0,0.0
sa,6,450,64.0,0.0
sa,6,460,64.0,0.0
sa,6,470,64.0,0.0
sa,6,480,64.0,0.0
sa,6,490,64.0,0.0
sa,7,0,32.0,0.0
sa,7,10,35.0,0.0
sa,7,20,37.0,0.0
sa,7,30,39.0,0.0
sa,7,40,39.0,0.0
sa,7,50,41.0,0.0
sa,7,60,43.0,0.0
sa,7,70,47.0,0.0
sa,7,80,49.0,0.0
sa,7,90,49.0,0.0
sa,7,100,49.0,0.0
sa,7,110,51.0,0.0
sa,7,120,51.0,0.0
sa,7,130,53.0,0.0
sa,7,140,53.0,0.0
sa,7,150,55.0,0.0
sa,7,160,57.0,0.0
sa,7,170,59.0,0.0
sa,7,180,61.0,0.0
sa,7,190,61.0,0.0
sa,7,200,61.0,0.0
sa,7,210,61.0,0.0
sa,7,220,61.0,0.0
sa,7,230,61.0,0.0
sa,7,240,61.0,0.0
sa,7,250,61.0,0.0
sa,7,260,61.0,0.0
sa,7,270,61.0,0.0
sa,7,280,61.0,0.0
sa,7,290,61.0,0.0
sa,7,300,61.0,0.0
sa,7,310,63.0,0.0179998874664
sa,7,320,63.0,0.0
sa,7,330,63.0,0.0
sa,7,340,63.0,0.0
sa,7,350,63.0,0.0
sa,7,360,63.0,0.0
sa,7,370,63.0,0.0
sa,7,380,63.0,0.0
sa,7,390,63.0,0.0
sa,7,400,63.0,0.0
sa,7,410,63.0,0.0
sa,7,420,63.0,0.0
sa,7,430,63.0,0.0
sa,7,440,65.0,0.0
sa,7,450,65.0,0.0
sa,7,460,65.0,0.0
sa,7,470,65.0,0.0
sa,7,480,65.0,0.0
sa,7,490,65.0,0.0
sa,8,0,48.0,0.0
sa,8,10,42.0,0.0
sa,8,20,40.0,0.0
sa,8,30,38.0,0.0
sa,8,40,44.0,0.0
sa,8,50,46.0,0.0
sa,8,60,44.0,0.0
sa,8,70,44.0,0.0
sa,8,80,46.0,0.0
sa,8,90,46.0,0.0
sa,8,100,50.0,0.0
sa,8,110,52.0,0.0
sa,8,120,54.0,0.0
sa,8,130,56.0,0.0
sa,8,140,58.0,0.0
sa,8,150,58.0,0.0
sa,8,160,62.0,0.0
sa,8,170,62.0,0.0
sa,8,180,62.0,0.0
sa,8,190,62.0,0.0
sa,8,200,62.0,0.0
sa,8,210,62.0,0.0
sa,8,220,62.0,0.0
sa,8,230,62.0,0.0
sa,8,240,62.0,0.0
sa,8,250,62.0,0.0
sa,8,260,62.0,0.0
sa,8,270,64.0,0.0
sa,8,280,64.0,0.0
sa,8,290,64.0,0.0
sa,8,300,64.0,0.0
sa,8,310,64.0,0.0
sa,8,320,64.0,0.0
sa,8,330,64.0,0.0
sa,8,340,64.0,0.0
sa,8,350,64.0,0.0
sa,8,360,64.0,0.0
sa,8,370,64.0,0.0
sa,8,380,64.0,0.0
sa,8,390,64.0,0.0
sa,8,400,64.0,0.0
sa,8,410,64.0,0.0
sa,8,420,64.0,0.0
sa,8,430,64.0,0.0
sa,8,440,64.0,0.0
sa,8,450,64.0,0.0
sa,8,460,64.0,0.0
sa,8,470,64.0,0.0
sa,8,480,64.0,0.0
sa,8,490,64.0,0.0
sa,9,0,45.0,0.0
sa,9,10,43.0,0.0
sa,9,20,39.0,0.0
sa,9,30,39.0,0.0
sa,9,40,43.0,0.0
sa,9,50,44.0,0.0
sa,9,60,40.0,0.0
sa,9,70,44.0,0.0
sa,9,80,46.0,0.0
sa,9,90,50.0,0.0
sa,9,100,52.0,0.0
sa,9,110,54.0,0.0
sa,9,120,54.0,0.0
sa,9,130,55.0,0.0
sa,9,140,55.0,0.0
sa,9,150,55.0,0.0
sa,9,160,57.0,0.0
sa,9,170,57.0,0.0
sa,9,180,57.0,0.0
sa,9,190,57.0,0.0
sa,9,200,57.0,0.0
sa,9,210,59.0,0.0
sa,9,220,61.0,0.0
sa,9,230,61.0,0.0
sa,9,240,61.0,0.0
sa,9,250,61.0,0.0
sa,9,260,63.0,0.0
sa,9,270,65.0,0.0
sa,9,280,65.0,0.0
sa,9,290,65.0,0.0
sa,9,300,65.0,0.0
sa,9,310,65.0,0.0
sa,9,320,65.0,0.0
sa,9,330,65.0,0.000999927520752
sa,9,340,65.0,0.0
sa,9,350,65.0,0.0
sa,9,360,67.0,0.0
sa,9,370,67.0,0.0
sa,9,380,67.0,0.0
sa,9,390,67.0,0.0
sa,9,400,67.0,0.0
sa,9,410,67.0,0.0
sa,9,420,67.0,0.0
sa,9,430,67.0,0.0
sa,9,440,67.0,0.0
sa,9,450,67.0,0.0
sa,9,460,69.0,0.0
sa,9,470,69.0,0.0
sa,9,480,69.0,0.0
sa,9,490,69.0,0.0
ga,0,0,55.0,0.00300002098083
ga,0,10,54.0,0.00200009346008
ga,0,20,54.0,0.00200009346008
ga,0,30,54.0,0.0019998550415
ga,0,40,54.0,0.00200009346008
ga,0,50,50.0,0.000999927520752
ga,0,60,50.0,0.0090000629425
ga,0,70,48.0,0.0
ga,0,80,48.0,0.000999927520752
ga,0,90,48.0,0.0
ga,0,100,48.0,0.0
ga,0,110,48.0,0.000999927520752
ga,0,120,48.0,0.0
ga,0,130,48.0,0.0
ga,0,140,48.0,0.00100016593933
ga,0,150,48.0,0.0
ga,0,160,48.0,0.000999927520752
ga,0,170,48.0,0.0
ga,0,180,48.0,0.0
ga,0,190,48.0,0.0
ga,0,200,48.0,0.0
ga,0,210,48.0,0.0
ga,0,220,48.0,0.0
ga,0,230,48.0,0.0
ga,0,240,48.0,0.0
ga,0,250,48.0,0.0
ga,0,260,48.0,0.00100016593933
ga,0,270,48.0,0.0
ga,0,280,48.0,0.0
ga,0,290,48.0,0.0
ga,0,300,48.0,0.0
ga,0,310,48.0,0.0
ga,0,320,48.0,0.000999927520752
ga,0,330,48.0,0.0
ga,0,340,48.0,0.000999927520752
ga,0,350,48.0,0.0
ga,0,360,48.0,0.00100016593933
ga,0,370,48.0,0.0
ga,0,380,48.0,0.000999927520752
ga,0,390,48.0,0.0
ga,0,400,48.0,0.0
ga,0,410,48.0,0.0
ga,0,420,48.0,0.000999927520752
ga,0,430,48.0,0.0
ga,0,440,48.0,0.0
ga,0,450,48.0,0.0
ga,0,460,48.0,0.0
ga,0,470,48.0,0.0
ga,0,480,48.0,0.000999927520752
ga,0,490,48.0,0.0
ga,1,0,49.0,0.0
ga,1,10,53.0,0.0
ga,1,20,52.0,0.0
ga,1,30,52.0,0.00100016593933
ga,1,40,51.0,0.0
ga,1,50,51.0,0.0
ga,1,60,51.0,0.0
ga,1,70,49.0,0.0
ga,1,80,49.0,0.000999927520752
ga,1,90,49.0,0.0
ga,1,100,49.0,0.0
ga,1,110,49.0,0.0
ga,1,120,49.0,0.000999927520752
ga,1,130,49.0,0.0
ga,1,140,49.0,0.0
ga,1,150,49.0,0.0
ga,1,160,49.0,0.00100016593933
ga,1,170,49.0,0.0
ga,1,180,49.0,0.0
ga,1,190,49.0,0.0
ga,1,200,49.0,0.0
ga,1,210,49.0,0.0
ga,1,220,49.0,0.000999927520752
ga,1,230,49.0,0.0
ga,1,240,49.0,0.0
ga,1,250,49.0,0.0
ga,1,260,49.0,0.0
ga,1,270,49.0,0.0
ga,1,280,49.0,0.0
ga,1,290,49.0,0.0
ga,1,300,49.0,0.0
ga,1,310,49.0,0.0
ga,1,320,49.0,0.0
ga,1,330,49.0,0.0
ga,1,340,49.0,0.0
ga,1,350,49.0,0.0
ga,1,360,49.0,0.0
ga,1,370,49.0,0.0
ga,1,380,49.0,0.000999927520752
ga,1,390,49.0,0.0
ga,1,400,49.0,0.0
ga,1,410,49.0,0.0
ga,1,420,49.0,0.0
ga,1,430,49.0,0.00300002098083
ga,1,440,49.0,0.0
ga,1,450,49.0,0.0
ga,1,460,49.0,0.0
ga,1,470,49.0,0.0
ga,1,480,49.0,0.0
ga,1,490,49.0,0.0
ga,2,0,54.0,0.000999927520752
ga,2,10,52.0,0.0
ga,2,20,52.0,0.0
ga,2,30,52.0,0.0
ga,2,40,52.0,0.0
ga,2,50,52.0,0.00100016593933
ga,2,60,52.0,0.0
ga,2,70,52.0,0.0
ga,2,80,52.0,0.0
ga,2,90,52.0,0.0
ga,2,100,52.0,0.0
ga,2,110,52.0,0.000999927520752
ga,2,120,52.0,0.0
ga,2,130,52.0,0.0
ga,2,140,52.0,0.0
ga,2,150,52.0,0.0
ga,2,160,52.0,0.0
ga,2,170,52.0,0.000999927520752
ga,2,180,52.0,0.0
ga,2,190,52.0,0.0
ga,2,200,52.0,0.0
ga,2,210,52.0,0.0
ga,2,220,52.0,0.00100016593933
ga,2,230,52.0,0.0
ga,2,240,52.0,0.0
ga,2,250,52.0,0.0
ga,2,260,52.0,0.0
ga,2,270,52.0,0.0
ga,2,280,52.0,0.000999927520752
ga,2,290,52.0,0.0
ga,2,300,52.0,0.0
ga,2,310,52.0,0.0
ga,2,320,52.0,0.0
ga,2,330,52.0,0.0
ga,2,340,52.0,0.000999927520752
ga,2,350,52.0,0.0
ga,2,360,52.0,0.0
ga,2,370,52.0,0.0
ga,2,380,52.0,0.0
ga,2,390,52.0,0.0
ga,2,400,52.0,0.00100016593933
ga,2,410,52.0,0.0
ga,2,420,52.0,0.0
ga,2,430,52.0,0.0
ga,2,440,52.0,0.0
ga,2,450,52.0,0.0
ga,2,460,52.0,0.000999927520752
ga,2,470,52.0,0.0
ga,2,480,52.0,0.0
ga,2,490,52.0,0.0
ga,3,0,51.0,0.0
ga,3,10,52.0,0.000999927520752
ga,3,20,52.0,0.0
ga,3,30,54.0,0.0
ga,3,40,56.0,0.0
ga,3,50,56.0,0.0
ga,3,60,56.0,0.0
ga,3,70,56.0,0.000999927520752
ga,3,80,56.0,0.0
ga,3,90,56.0,0.0
ga,3,100,56.0,0.0
ga,3,110,56.0,0.0
ga,3,120,56.0,0.0
ga,3,130,56.0,0.00100016593933
ga,3,140,54.0,0.0
ga,3,150,54.0,0.0
ga,3,160,54.0,0.0
ga,3,170,54.0,0.0
ga,3,180,54.0,0.0
ga,3,190,54.0,0.000999927520752
ga,3,200,54.0,0.0
ga,3,210,54.0,0.0
ga,3,220,54.0,0.0
ga,3,230,54.0,0.0
ga,3,240,54.0,0.0
ga,3,250,54.0,0.000999927520752
ga,3,260,54.0,0.0
ga,3,270,54.0,0.0
ga,3,280,54.0,0.0
ga,3,290,54.0,0.0
ga,3,300,54.0,0.0
ga,3,310,54.0,0.00100016593933
ga,3,320,54.0,0.0
ga,3,330,54.0,0.0
ga,3,340,54.0,0.0
ga,3,350,54.0,0.0
ga,3,360,54.0,0.0
ga,3,370,54.0,0.0
ga,3,380,54.0,0.0
ga,3,390,54.0,0.0
ga,3,400,54.0,0.0
ga,3,410,54.0,0.0
ga,3,420,54.0,0.000999927520752
ga,3,430,54.0,0.0
ga,3,440,54.0,0.0
ga,3,450,54.0,0.0
ga,3,460,54.0,0.0
ga,3,470,54.0,0.0
ga,3,480,54.0,0.0
ga,3,490,54.0,0.0
ga,4,0,52.0,0.0
ga,4,10,54.0,0.00399994850159
ga,4,20,53.0,0.0
ga,4,30,53.0,0.0
ga,4,40,55.0,0.0
ga,4,50,57.0,0.0
ga,4,60,53.0,0.0
ga,4,70,51.0,0.0
ga,4,80,51.0,0.0
ga,4,90,51.0,0.0
ga,4,100,51.0,0.0
ga,4,110,51.0,0.000999927520752
ga,4,120,51.0,0.0
ga,4,130,51.0,0.0
ga,4,140,51.0,0.0
ga,4,150,51.0,0.00100016593933
ga,4,160,51.0,0.0
ga,4,170,51.0,0.0
ga,4,180,51.0,0.0
ga,4,190,51.0,0.0
ga,4,200,51.0,0.0
ga,4,210,51.0,0.000999927520752
ga,4,220,51.0,0.0
ga,4,230,51.0,0.0
ga,4,240,51.0,0.0
ga,4,250,51.0,0.0
ga,4,260,51.0,0.0
ga,4,270,51.0,0.0
ga,4,280,51.0,0.000999927520752
ga,4,290,51.0,0.0
ga,4,300,51.0,0.0
ga,4,310,51.0,0.0
ga,4,320,51.0,0.0
ga,4,330,51.0,0.0
ga,4,340,51.0,0.0
ga,4,350,51.0,0.00100016593933
ga,4,360,51.0,0.0
ga,4,370,51.0,0.0
ga,4,380,51.0,0.0
ga,4,390,51.0,0.0
ga,4,400,51.0,0.0
ga,4,410,51.0,0.000999927520752
ga,4,420,51.0,0.0
ga,4,430,51.0,0.0
ga,4,440,51.0,0.0
ga,4,450,51.0,0.0
ga,4,460,51.0,0.0
ga,4,470,51.0,0.0
ga,4,480,51.0,0.000999927520752
ga,4,490,51.0,0.0
ga,5,0,50.0,0.0
ga,5,10,52.0,0.0
ga,5,20,54.0,0.0
ga,5,30,54.0,0.0
ga,5,40,52.0,0.0
ga,5,50,52.0,0.0
ga,5,60,54.0,0.0
ga,5,70,52.0,0.0
ga,5,80,52.0,0.0
ga,5,90,52.0,0.000999927520752
ga,5,100,50.0,0.0
ga,5,110,50.0,0.0
ga,5,120,50.0,0.0
ga,5,130,50.0,0.0
ga,5,140,50.0,0.0
ga,5,150,50.0,0.000999927520752
ga,5,160,50.0,0.0
ga,5,170,50.0,0.0
ga,5,180,50.0,0.0
ga,5,190,50.0,0.0
ga,5,200,50.0,0.000999927520752
ga,5,210,50.0,0.0
ga,5,220,50.0,0.0
ga,5,230,50.0,0.0
ga,5,240,50.0,0.0
ga,5,250,50.0,0.0
ga,5,260,50.0,0.00100016593933
ga,5,270,50.0,0.0
ga,5,280,50.0,0.0
ga,5,290,50.0,0.0
ga,5,300,50.0,0.0
ga,5,310,50.0,0.0
ga,5,320,50.0,0.000999927520752
ga,5,330,50.0,0.0
ga,5,340,50.0,0.0
ga,5,350,50.0,0.0
ga,5,360,50.0,0.0
ga,5,370,50.0,0.0
ga,5,380,50.0,0.0
ga,5,390,50.0,0.0
ga,5,400,50.0,0.0
ga,5,410,50.0,0.0
ga,5,420,50.0,0.0
ga,5,430,50.0,0.00100016593933
ga,5,440,50.0,0.0
ga,5,450,50.0,0.0
ga,5,460,50.0,0.0
ga,5,470,50.0,0.0
ga,5,480,50.0,0.0
ga,5,490,50.0,0.000999927520752
ga,6,0,47.0,0.0
ga,6,10,47.0,0.0
ga,6,20,47.0,0.0
ga,6,30,45.0,0.0
ga,6,40,43.0,0.0
ga,6,50,41.0,0.000999927520752
ga,6,60,41.0,0.0
ga,6,70,41.0,0.0
ga,6,80,41.0,0.0
ga,6,90,41.0,0.0
ga,6,100,41.0,0.00200009346008
ga,6,110,41.0,0.000999927520752
ga,6,120,41.0,0.0
ga,6,130,41.0,0.0
ga,6,140,41.0,0.0
ga,6,150,41.0,0.0
ga,6,160,41.0,0.0
ga,6,170,41.0,0.000999927520752
ga,6,180,41.0,0.0
ga,6,190,41.0,0.0
ga,6,200,41.0,0.0
ga,6,210,41.0,0.0
ga,6,220,41.0,0.0
ga,6,230,41.0,0.00100016593933
ga,6,240,41.0,0.0
ga,6,250,41.0,0.0
ga,6,260,41.0,0.0
ga,6,270,41.0,0.0
ga,6,280,41.0,0.0
ga,6,290,41.0,0.0
ga,6,300,41.0,0.000999927520752
ga,6,310,41.0,0.0
ga,6,320,41.0,0.0
ga,6,330,41.0,0.0
ga,6,340,41.0,0.0
ga,6,350,41.0,0.0
ga,6,360,41.0,0.0
ga,6,370,41.0,0.000999927520752
ga,6,380,41.0,0.0
ga,6,390,41.0,0.0
ga,6,400,41.0,0.0
ga,6,410,41.0,0.0
ga,6,420,41.0,0.0
ga,6,430,41.0,0.00100016593933
ga,6,440,41.0,0.0
ga,6,450,41.0,0.0
ga,6,460,41.0,0.0
ga,6,470,41.0,0.0
ga,6,480,41.0,0.0
ga,6,490,41.0,0.0
ga,7,0,54.0,0.0
ga,7,10,54.0,0.0
ga,7,20,54.0,0.0
ga,7,30,52.0,0.0
ga,7,40,52.0,0.0
ga,7,50,52.0,0.000999927520752
ga,7,60,52.0,0.0
ga,7,70,52.0,0.0
ga,7,80,52.0,0.0
ga,7,90,52.0,0.0
ga,7,100,52.0,0.0
ga,7,110,52.0,0.00100016593933
ga,7,120,52.0,0.0
ga,7,130,52.0,0.0
ga,7,140,52.0,0.0
ga,7,150,52.0,0.0
ga,7,160,52.0,0.0
ga,7,170,52.0,0.0
ga,7,180,52.0,0.000999927520752
ga,7,190,52.0,0.0
ga,7,200,52.0,0.0
ga,7,210,52.0,0.0
ga,7,220,52.0,0.0
ga,7,230,52.0,0.0
ga,7,240,52.0,0.0
ga,7,250,52.0,0.000999927520752
ga,7,260,52.0,0.0
ga,7,270,52.0,0.0
ga,7,280,52.0,0.0
ga,7,290,52.0,0.0
ga,7,300,52.0,0.0
ga,7,310,52.0,0.00100016593933
ga,7,320,52.0,0.0
ga,7,330,52.0,0.0
ga,7,340,52.0,0.0
ga,7,350,52.0,0.0
ga,7,360,52.0,0.0
ga,7,370,52.0,0.000999927520752
ga,7,380,52.0,0.0
ga,7,390,52.0,0.0
ga,7,400,52.0,0.0
ga,7,410,52.0,0.0
ga,7,420,52.0,0.0
ga,7,430,52.0,0.0
ga,7,440,52.0,0.000999927520752
ga,7,450,52.0,0.0
ga,7,460,52.0,0.0
ga,7,470,52.0,0.0
ga,7,480,52.0,0.0
ga,7,490,52.0,0.0
ga,8,0,49.0,0.000999927520752
ga,8,10,50.0,0.0
ga,8,20,52.0,0.0
ga,8,30,52.0,0.0
ga,8,40,52.0,0.0
ga,8,50,50.0,0.0
ga,8,60,50.0,0.00100016593933
ga,8,70,50.0,0.0
ga,8,80,50.0,0.0
ga,8,90,50.0,0.0
ga,8,100,50.0,0.0
ga,8,110,50.0,0.0
ga,8,120,50.0,0.000999927520752
ga,8,130,50.0,0.0
ga,8,140,50.0,0.0
ga,8,150,50.0,0.0
ga,8,160,50.0,0.0
ga,8,170,50.0,0.0
ga,8,180,50.0,0.00300002098083
ga,8,190,50.0,0.0
ga,8,200,50.0,0.0
ga,8,210,50.0,0.0
ga,8,220,50.0,0.00100016593933
ga,8,230,50.0,0.0
ga,8,240,50.0,0.0
ga,8,250,50.0,0.0
ga,8,260,50.0,0.0
ga,8,270,50.0,0.000999927520752
ga,8,280,50.0,0.0
ga,8,290,50.0,0.0
ga,8,300,50.0,0.0
ga,8,310,50.0,0.0
ga,8,320,50.0,0.0
ga,8,330,50.0,0.000999927520752
ga,8,340,50.0,0.0
ga,8,350,50.0,0.0
ga,8,360,50.0,0.000999927520752
ga,8,370,50.0,0.0
ga,8,380,50.0,0.0
ga,8,390,50.0,0.0
ga,8,400,50.0,0.0
ga,8,410,50.0,0.00100016593933
ga,8,420,50.0,0.0
ga,8,430,50.0,0.0
ga,8,440,50.0,0.0
ga,8,450,50.0,0.0
ga,8,460,50.0,0.0
ga,8,470,50.0,0.0
ga,8,480,50.0,0.0
ga,8,490,50.0,0.0
ga,9,0,47.0,0.0
ga,9,10,47.0,0.000999927520752
ga,9,20,47.0,0.0
ga,9,30,47.0,0.0
ga,9,40,45.0,0.0
ga,9,50,45.0,0.0
ga,9,60,45.0,0.0
ga,9,70,45.0,0.00100016593933
ga,9,80,45.0,0.0
ga,9,90,45.0,0.0
ga,9,100,45.0,0.0
ga,9,110,45.0,0.0
ga,9,120,45.0,0.0
ga,9,130,45.0,0.000999927520752
ga,9,140,45.0,0.0
ga,9,150,45.0,0.0
ga,9,160,45.0,0.0
ga,9,170,45.0,0.0
ga,9,180,45.0,0.0
ga,9,190,45.0,0.000999927520752
ga,9,200,45.0,0.0
ga,9,210,45.0,0.0
ga,9,220,45.0,0.0
ga,9,230,45.0,0.0
ga,9,240,45.0,0.00100016593933
ga,9,250,45.0,0.0
ga,9,260,45.0,0.0
ga,9,270,45.0,0.0
ga,9,280,45.0,0.0
ga,9,290,45.0,0.0
ga,9,300,45.0,0.0
ga,9,310,45.0,0.0
ga,9,320,45.0,0.0
ga,9,330,45.0,0.0
ga,9,340,45.0,0.000999927520752
ga,9,350,45.0,0.0
ga,9,360,45.0,0.0
ga,9,370,45.0,0.0
ga,9,380,45.0,0.0
ga,9,390,45.0,0.00100016593933
ga,9,400,45.0,0.0
ga,9,410,45.0,0.0
ga,9,420,45.0,0.0
ga,9,430,45.0,0.0
ga,9,440,45.0,0.0
ga,9,450,45.0,0.000999927520752
ga,9,460,45.0,0.0
ga,9,470,45.0,0.0
ga,9,480,45.0,0.0
ga,9,490,45.0,0.0
mimic,0,0,63.0,0.0569999217987
mimic,0,10,63.0,0.0390000343323
mimic,0,20,65.0,0.0299999713898
mimic,0,30,65.0,0.029000043869
mimic,0,40,65.0,0.039999961853
mimic,0,50,65.0,0.0369999408722
mimic,0,60,67.0,0.0369999408722
mimic,0,70,69.0,0.0360000133514
mimic,0,80,69.0,0.0210001468658
mimic,0,90,69.0,0.0199999809265
mimic,0,100,69.0,0.0199999809265
mimic,0,110,69.0,0.0169999599457
mimic,0,120,69.0,0.0230000019073
mimic,0,130,69.0,0.0249998569489
mimic,0,140,69.0,0.0170001983643
mimic,0,150,69.0,0.0179998874664
mimic,0,160,69.0,0.018000125885
mimic,0,170,69.0,0.0169999599457
mimic,0,180,69.0,0.0199999809265
mimic,0,190,69.0,0.029000043869
mimic,0,200,69.0,0.018000125885
mimic,0,210,69.0,0.0160000324249
mimic,0,220,71.0,0.0179998874664
mimic,0,230,71.0,0.0160000324249
mimic,0,240,71.0,0.0149998664856
mimic,0,250,73.0,0.018000125885
mimic,0,260,71.0,0.0230000019073
mimic,0,270,71.0,0.0160000324249
mimic,0,280,71.0,0.018000125885
mimic,0,290,71.0,0.0160000324249
mimic,0,300,71.0,0.0160000324249
mimic,0,310,71.0,0.0160000324249
mimic,0,320,71.0,0.0179998874664
mimic,0,330,71.0,0.0250000953674
mimic,0,340,71.0,0.0160000324249
mimic,0,350,71.0,0.0160000324249
mimic,0,360,71.0,0.0160000324249
mimic,0,370,71.0,0.0160000324249
mimic,0,380,71.0,0.0150001049042
mimic,0,390,71.0,0.0169999599457
mimic,0,400,71.0,0.0169999599457
mimic,0,410,71.0,0.018000125885
mimic,0,420,71.0,0.0169999599457
mimic,0,430,71.0,0.0169999599457
mimic,0,440,71.0,0.0170001983643
mimic,0,450,71.0,0.0169999599457
mimic,0,460,71.0,0.0179998874664
mimic,0,470,71.0,0.0160000324249
mimic,0,480,71.0,0.0170001983643
mimic,0,490,71.0,0.0160000324249
mimic,1,0,59.0,0.0190000534058
mimic,1,10,63.0,0.018000125885
mimic,1,20,63.0,0.0169999599457
mimic,1,30,63.0,0.0190000534058
mimic,1,40,63.0,0.0169999599457
mimic,1,50,63.0,0.0190000534058
mimic,1,60,63.0,0.0160000324249
mimic,1,70,63.0,0.0159997940063
mimic,1,80,63.0,0.018000125885
mimic,1,90,63.0,0.0169999599457
mimic,1,100,63.0,0.0190000534058
mimic,1,110,64.0,0.0160000324249
mimic,1,120,66.0,0.0190000534058
mimic,1,130,64.0,0.0169999599457
mimic,1,140,64.0,0.018000125885
mimic,1,150,64.0,0.0169999599457
mimic,1,160,64.0,0.0160000324249
mimic,1,170,64.0,0.0179998874664
mimic,1,180,64.0,0.0169999599457
mimic,1,190,64.0,0.0170001983643
mimic,1,200,64.0,0.0169999599457
mimic,1,210,64.0,0.0169999599457
mimic,1,220,64.0,0.0169999599457
mimic,1,230,66.0,0.0169999599457
mimic,1,240,66.0,0.0179998874664
mimic,1,250,66.0,0.0160000324249
mimic,1,260,66.0,0.0170001983643
mimic,1,270,68.0,0.0169999599457
mimic,1,280,68.0,0.0169999599457
mimic,1,290,68.0,0.0169999599457
mimic,1,300,68.0,0.0160000324249
mimic,1,310,68.0,0.0169999599457
mimic,1,320,68.0,0.0149998664856
mimic,1,330,68.0,0.0159997940063
mimic,1,340,68.0,0.0160000324249
mimic,1,350,68.0,0.0170001983643
mimic,1,360,68.0,0.0169999599457
mimic,1,370,68.0,0.0160000324249
mimic,1,380,68.0,0.0169999599457
mimic,1,390,68.0,0.0169999599457
mimic,1,400,68.0,0.0169999599457
mimic,1,410,68.0,0.0160000324249
mimic,1,420,68.0,0.0169999599457
mimic,1,430,70.0,0.0169999599457
mimic,1,440,70.0,0.0160000324249
mimic,1,450,70.0,0.0179998874664
mimic,1,460,70.0,0.0170001983643
mimic,1,470,70.0,0.0169999599457
mimic,1,480,70.0,0.0150001049042
mimic,1,490,70.0,0.0160000324249
mimic,2,0,56.0,0.0199999809265
mimic,2,10,54.0,0.018000125885
mimic,2,20,60.0,0.0169999599457
mimic,2,30,62.0,0.0169999599457
mimic,2,40,66.0,0.018000125885
mimic,2,50,64.0,0.0169999599457
mimic,2,60,68.0,0.0160000324249
mimic,2,70,66.0,0.0160000324249
mimic,2,80,68.0,0.0159997940063
mimic,2,90,68.0,0.0170001983643
mimic,2,100,68.0,0.0159997940063
mimic,2,110,70.0,0.0169999599457
mimic,2,120,70.0,0.0169999599457
mimic,2,130,70.0,0.0160000324249
mimic,2,140,70.0,0.0169999599457
mimic,2,150,70.0,0.0170001983643
mimic,2,160,70.0,0.0169999599457
mimic,2,170,70.0,0.0169999599457
mimic,2,180,70.0,0.0169999599457
mimic,2,190,72.0,0.0160000324249
mimic,2,200,70.0,0.0169999599457
mimic,2,210,72.0,0.0170001983643
mimic,2,220,74.0,0.0160000324249
mimic,2,230,74.0,0.0169999599457
mimic,2,240,74.0,0.0160000324249
mimic,2,250,74.0,0.0169999599457
mimic,2,260,74.0,0.0160000324249
mimic,2,270,74.0,0.0160000324249
mimic,2,280,74.0,0.0169999599457
mimic,2,290,74.0,0.0169999599457
mimic,2,300,74.0,0.0149998664856
mimic,2,310,74.0,0.0160000324249
mimic,2,320,74.0,0.0169999599457
mimic,2,330,74.0,0.0160000324249
mimic,2,340,74.0,0.0160000324249
mimic,2,350,74.0,0.0160000324249
mimic,2,360,74.0,0.0160000324249
mimic,2,370,74.0,0.0160000324249
mimic,2,380,74.0,0.0150001049042
mimic,2,390,74.0,0.0150001049042
mimic,2,400,74.0,0.0160000324249
mimic,2,410,74.0,0.0160000324249
mimic,2,420,74.0,0.0160000324249
mimic,2,430,74.0,0.0160000324249
mimic,2,440,74.0,0.0169999599457
mimic,2,450,74.0,0.0160000324249
mimic,2,460,74.0,0.0160000324249
mimic,2,470,74.0,0.0160000324249
mimic,2,480,74.0,0.0169999599457
mimic,2,490,74.0,0.0169999599457
mimic,3,0,54.0,0.0190000534058
mimic,3,10,54.0,0.018000125885
mimic,3,20,54.0,0.0169999599457
mimic,3,30,56.0,0.0169999599457
mimic,3,40,60.0,0.018000125885
mimic,3,50,64.0,0.0169999599457
mimic,3,60,64.0,0.0169999599457
mimic,3,70,66.0,0.0160000324249
mimic,3,80,66.0,0.0170001983643
mimic,3,90,64.0,0.0169999599457
mimic,3,100,64.0,0.0169999599457
mimic,3,110,64.0,0.0169999599457
mimic,3,120,66.0,0.0170001983643
mimic,3,130,64.0,0.0179998874664
mimic,3,140,64.0,0.0170001983643
mimic,3,150,66.0,0.0169999599457
mimic,3,160,66.0,0.0169999599457
mimic,3,170,64.0,0.0160000324249
mimic,3,180,64.0,0.0169999599457
mimic,3,190,64.0,0.0170001983643
mimic,3,200,66.0,0.0160000324249
mimic,3,210,66.0,0.0160000324249
mimic,3,220,66.0,0.0169999599457
mimic,3,230,66.0,0.0169999599457
mimic,3,240,66.0,0.0169999599457
mimic,3,250,66.0,0.0160000324249
mimic,3,260,68.0,0.0169999599457
mimic,3,270,68.0,0.0179998874664
mimic,3,280,68.0,0.0159997940063
mimic,3,290,68.0,0.0170001983643
mimic,3,300,68.0,0.0179998874664
mimic,3,310,70.0,0.0170001983643
mimic,3,320,70.0,0.0159997940063
mimic,3,330,70.0,0.0149998664856
mimic,3,340,72.0,0.0159997940063
mimic,3,350,70.0,0.0160000324249
mimic,3,360,70.0,0.0160000324249
mimic,3,370,70.0,0.0159997940063
mimic,3,380,70.0,0.018000125885
mimic,3,390,70.0,0.0160000324249
mimic,3,400,70.0,0.0160000324249
mimic,3,410,70.0,0.0169999599457
mimic,3,420,70.0,0.0160000324249
mimic,3,430,70.0,0.0160000324249
mimic,3,440,70.0,0.0160000324249
mimic,3,450,70.0,0.0169999599457
mimic,3,460,70.0,0.0160000324249
mimic,3,470,70.0,0.0159997940063
mimic,3,480,70.0,0.0170001983643
mimic,3,490,72.0,0.0239999294281
mimic,4,0,60.0,0.0190000534058
mimic,4,10,62.0,0.0159997940063
mimic,4,20,64.0,0.018000125885
mimic,4,30,68.0,0.0150001049042
mimic,4,40,66.0,0.0169999599457
mimic,4,50,68.0,0.0169999599457
mimic,4,60,66.0,0.018000125885
mimic,4,70,66.0,0.0169999599457
mimic,4,80,66.0,0.0169999599457
mimic,4,90,66.0,0.018000125885
mimic,4,100,66.0,0.0169999599457
mimic,4,110,66.0,0.0169999599457
mimic,4,120,68.0,0.0160000324249
mimic,4,130,66.0,0.0169999599457
mimic,4,140,68.0,0.0169999599457
mimic,4,150,70.0,0.0160000324249
mimic,4,160,68.0,0.0160000324249
mimic,4,170,68.0,0.0169999599457
mimic,4,180,68.0,0.0160000324249
mimic,4,190,68.0,0.0160000324249
mimic,4,200,68.0,0.0169999599457
mimic,4,210,70.0,0.0160000324249
mimic,4,220,70.0,0.0160000324249
mimic,4,230,70.0,0.0159997940063
mimic,4,240,70.0,0.018000125885
mimic,4,250,70.0,0.0160000324249
mimic,4,260,70.0,0.0150001049042
mimic,4,270,70.0,0.0159997940063
mimic,4,280,70.0,0.0170001983643
mimic,4,290,70.0,0.0159997940063
mimic,4,300,70.0,0.0160000324249
mimic,4,310,70.0,0.0149998664856
mimic,4,320,70.0,0.0169999599457
mimic,4,330,70.0,0.0169999599457
mimic,4,340,70.0,0.0149998664856
mimic,4,350,70.0,0.0170001983643
mimic,4,360,70.0,0.0159997940063
mimic,4,370,70.0,0.0170001983643
mimic,4,380,72.0,0.0159997940063
mimic,4,390,70.0,0.0170001983643
mimic,4,400,72.0,0.0160000324249
mimic,4,410,72.0,0.0160000324249
mimic,4,420,74.0,0.0169999599457
mimic,4,430,74.0,0.018000125885
mimic,4,440,74.0,0.0169999599457
mimic,4,450,74.0,0.0160000324249
mimic,4,460,74.0,0.0160000324249
mimic,4,470,74.0,0.0169999599457
mimic,4,480,74.0,0.0160000324249
mimic,4,490,74.0,0.0170001983643
mimic,5,0,61.0,0.0190000534058
mimic,5,10,61.0,0.0169999599457
mimic,5,20,61.0,0.0169999599457
mimic,5,30,63.0,0.0160000324249
mimic,5,40,65.0,0.018000125885
mimic,5,50,65.0,0.0160000324249
mimic,5,60,69.0,0.0169999599457
mimic,5,70,67.0,0.0160000324249
mimic,5,80,67.0,0.0169999599457
mimic,5,90,69.0,0.0169999599457
mimic,5,100,71.0,0.0160000324249
mimic,5,110,71.0,0.018000125885
mimic,5,120,71.0,0.0160000324249
mimic,5,130,71.0,0.0169999599457
mimic,5,140,71.0,0.0169999599457
mimic,5,150,71.0,0.0159997940063
mimic,5,160,71.0,0.0170001983643
mimic,5,170,71.0,0.0159997940063
mimic,5,180,71.0,0.0170001983643
mimic,5,190,73.0,0.0169999599457
mimic,5,200,71.0,0.0160000324249
mimic,5,210,71.0,0.0160000324249
mimic,5,220,71.0,0.0169999599457
mimic,5,230,73.0,0.0160000324249
mimic,5,240,71.0,0.0160000324249
mimic,5,250,71.0,0.0169999599457
mimic,5,260,71.0,0.0169999599457
mimic,5,270,71.0,0.0170001983643
mimic,5,280,73.0,0.0159997940063
mimic,5,290,71.0,0.0149998664856
mimic,5,300,71.0,0.0159997940063
mimic,5,310,73.0,0.0160000324249
mimic,5,320,73.0,0.0160000324249
mimic,5,330,73.0,0.0170001983643
mimic,5,340,73.0,0.0189998149872
mimic,5,350,73.0,0.0170001983643
mimic,5,360,73.0,0.0159997940063
mimic,5,370,73.0,0.0169999599457
mimic,5,380,73.0,0.0169999599457
mimic,5,390,73.0,0.0160000324249
mimic,5,400,73.0,0.0169999599457
mimic,5,410,73.0,0.0160000324249
mimic,5,420,73.0,0.0160000324249
mimic,5,430,73.0,0.0160000324249
mimic,5,440,73.0,0.0160000324249
mimic,5,450,73.0,0.0150001049042
mimic,5,460,73.0,0.0160000324249
mimic,5,470,73.0,0.0159997940063
mimic,5,480,73.0,0.0170001983643
mimic,5,490,75.0,0.0160000324249
mimic,6,0,57.0,0.0199999809265
mimic,6,10,61.0,0.0169999599457
mimic,6,20,65.0,0.0169999599457
mimic,6,30,65.0,0.0170001983643
mimic,6,40,67.0,0.0149998664856
mimic,6,50,69.0,0.0160000324249
mimic,6,60,71.0,0.0160000324249
mimic,6,70,71.0,0.0160000324249
mimic,6,80,71.0,0.0160000324249
mimic,6,90,71.0,0.0150001049042
mimic,6,100,71.0,0.0160000324249
mimic,6,110,71.0,0.0169999599457
mimic,6,120,71.0,0.0169999599457
mimic,6,130,71.0,0.0169999599457
mimic,6,140,71.0,0.0149998664856
mimic,6,150,71.0,0.0169999599457
mimic,6,160,71.0,0.0160000324249
mimic,6,170,71.0,0.0160000324249
mimic,6,180,71.0,0.0160000324249
mimic,6,190,71.0,0.0149998664856
mimic,6,200,71.0,0.0170001983643
mimic,6,210,71.0,0.0160000324249
mimic,6,220,71.0,0.0160000324249
mimic,6,230,71.0,0.0169999599457
mimic,6,240,73.0,0.0160000324249
mimic,6,250,73.0,0.0160000324249
mimic,6,260,73.0,0.0150001049042
mimic,6,270,73.0,0.0160000324249
mimic,6,280,73.0,0.0179998874664
mimic,6,290,74.0,0.0160000324249
mimic,6,300,73.0,0.0160000324249
mimic,6,310,73.0,0.0160000324249
mimic,6,320,73.0,0.0160000324249
mimic,6,330,73.0,0.0160000324249
mimic,6,340,73.0,0.0159997940063
mimic,6,350,73.0,0.0170001983643
mimic,6,360,73.0,0.0159997940063
mimic,6,370,73.0,0.0160000324249
mimic,6,380,73.0,0.0160000324249
mimic,6,390,73.0,0.0159997940063
mimic,6,400,73.0,0.0160000324249
mimic,6,410,73.0,0.0160000324249
mimic,6,420,73.0,0.0169999599457
mimic,6,430,73.0,0.0159997940063
mimic,6,440,73.0,0.0170001983643
mimic,6,450,73.0,0.0159997940063
mimic,6,460,73.0,0.0160000324249
mimic,6,470,73.0,0.0160000324249
mimic,6,480,73.0,0.0149998664856
mimic,6,490,73.0,0.0160000324249
mimic,7,0,57.0,0.0199999809265
mimic,7,10,61.0,0.0169999599457
mimic,7,20,59.0,0.0160000324249
mimic,7,30,63.0,0.0170001983643
mimic,7,40,63.0,0.0160000324249
mimic,7,50,65.0,0.0169999599457
mimic,7,60,65.0,0.0160000324249
mimic,7,70,65.0,0.0160000324249
mimic,7,80,67.0,0.0169999599457
mimic,7,90,69.0,0.0160000324249
mimic,7,100,67.0,0.0169999599457
mimic,7,110,67.0,0.0160000324249
mimic,7,120,67.0,0.0169999599457
mimic,7,130,69.0,0.0169999599457
mimic,7,140,68.0,0.0170001983643
mimic,7,150,69.0,0.0160000324249
mimic,7,160,67.0,0.0160000324249
mimic,7,170,67.0,0.0160000324249
mimic,7,180,69.0,0.0169999599457
mimic,7,190,69.0,0.0160000324249
mimic,7,200,69.0,0.0160000324249
mimic,7,210,69.0,0.0169999599457
mimic,7,220,69.0,0.0169999599457
mimic,7,230,71.0,0.0160000324249
mimic,7,240,71.0,0.0169999599457
mimic,7,250,71.0,0.0150001049042
mimic,7,260,73.0,0.0160000324249
mimic,7,270,71.0,0.0169999599457
mimic,7,280,71.0,0.0160000324249
mimic,7,290,71.0,0.0169999599457
mimic,7,300,71.0,0.0160000324249
mimic,7,310,72.0,0.0159997940063
mimic,7,320,72.0,0.0160000324249
mimic,7,330,72.0,0.0169999599457
mimic,7,340,72.0,0.0160000324249
mimic,7,350,72.0,0.0149998664856
mimic,7,360,72.0,0.0159997940063
mimic,7,370,72.0,0.018000125885
mimic,7,380,72.0,0.0160000324249
mimic,7,390,72.0,0.0169999599457
mimic,7,400,72.0,0.0160000324249
mimic,7,410,72.0,0.0160000324249
mimic,7,420,72.0,0.0160000324249
mimic,7,430,72.0,0.0160000324249
mimic,7,440,72.0,0.0160000324249
mimic,7,450,72.0,0.0160000324249
mimic,7,460,72.0,0.0160000324249
mimic,7,470,72.0,0.0160000324249
mimic,7,480,72.0,0.0160000324249
mimic,7,490,72.0,0.0160000324249
mimic,8,0,59.0,0.0189998149872
mimic,8,10,59.0,0.0179998874664
mimic,8,20,61.0,0.018000125885
mimic,8,30,65.0,0.0179998874664
mimic,8,40,63.0,0.0160000324249
mimic,8,50,65.0,0.018000125885
mimic,8,60,66.0,0.0160000324249
mimic,8,70,65.0,0.0149998664856
mimic,8,80,65.0,0.0160000324249
mimic,8,90,67.0,0.0179998874664
mimic,8,100,68.0,0.0160000324249
mimic,8,110,68.0,0.0159997940063
mimic,8,120,68.0,0.0170001983643
mimic,8,130,68.0,0.0169999599457
mimic,8,140,68.0,0.0169999599457
mimic,8,150,68.0,0.0169999599457
mimic,8,160,68.0,0.0169999599457
mimic,8,170,68.0,0.0159997940063
mimic,8,180,68.0,0.0170001983643
mimic,8,190,68.0,0.0169999599457
mimic,8,200,68.0,0.0150001049042
mimic,8,210,68.0,0.0159997940063
mimic,8,220,68.0,0.0169999599457
mimic,8,230,68.0,0.0160000324249
mimic,8,240,68.0,0.0160000324249
mimic,8,250,68.0,0.0160000324249
mimic,8,260,68.0,0.0169999599457
mimic,8,270,68.0,0.0160000324249
mimic,8,280,68.0,0.0160000324249
mimic,8,290,68.0,0.0160000324249
mimic,8,300,68.0,0.0169999599457
mimic,8,310,70.0,0.018000125885
mimic,8,320,68.0,0.0149998664856
mimic,8,330,68.0,0.0160000324249
mimic,8,340,68.0,0.0179998874664
mimic,8,350,70.0,0.0160000324249
mimic,8,360,70.0,0.0160000324249
mimic,8,370,70.0,0.0160000324249
mimic,8,380,70.0,0.0190000534058
mimic,8,390,70.0,0.0160000324249
mimic,8,400,70.0,0.0150001049042
mimic,8,410,70.0,0.0169999599457
mimic,8,420,70.0,0.018000125885
mimic,8,430,70.0,0.0169999599457
mimic,8,440,70.0,0.0160000324249
mimic,8,450,70.0,0.0160000324249
mimic,8,460,70.0,0.0160000324249
mimic,8,470,70.0,0.0160000324249
mimic,8,480,70.0,0.0169999599457
mimic,8,490,70.0,0.0160000324249
mimic,9,0,58.0,0.0199999809265
mimic,9,10,58.0,0.0169999599457
mimic,9,20,60.0,0.018000125885
mimic,9,30,58.0,0.0169999599457
mimic,9,40,58.0,0.0160000324249
mimic,9,50,60.0,0.0169999599457
mimic,9,60,61.0,0.018000125885
mimic,9,70,63.0,0.0169999599457
mimic,9,80,61.0,0.0169999599457
mimic,9,90,61.0,0.0169999599457
mimic,9,100,63.0,0.0190000534058
mimic,9,110,67.0,0.0169999599457
mimic,9,120,63.0,0.0169999599457
mimic,9,130,63.0,0.0170001983643
mimic,9,140,65.0,0.0169999599457
mimic,9,150,65.0,0.0160000324249
mimic,9,160,67.0,0.0169999599457
mimic,9,170,67.0,0.0160000324249
mimic,9,180,67.0,0.018000125885
mimic,9,190,69.0,0.0169999599457
mimic,9,200,69.0,0.0169999599457
mimic,9,210,69.0,0.0160000324249
mimic,9,220,71.0,0.0160000324249
mimic,9,230,71.0,0.0160000324249
mimic,9,240,71.0,0.0160000324249
mimic,9,250,71.0,0.0169999599457
mimic,9,260,71.0,0.0149998664856
mimic,9,270,71.0,0.0150001049042
mimic,9,280,71.0,0.0160000324249
mimic,9,290,71.0,0.0160000324249
mimic,9,300,71.0,0.0160000324249
mimic,9,310,71.0,0.0169999599457
mimic,9,320,71.0,0.0169999599457
mimic,9,330,71.0,0.0160000324249
mimic,9,340,71.0,0.0150001049042
mimic,9,350,71.0,0.0169999599457
mimic,9,360,71.0,0.0160000324249
mimic,9,370,71.0,0.0160000324249
mimic,9,380,71.0,0.0160000324249
mimic,9,390,71.0,0.0160000324249
mimic,9,400,71.0,0.0169999599457
mimic,9,410,71.0,0.0150001049042
mimic,9,420,71.0,0.0169999599457
mimic,9,430,71.0,0.0160000324249
mimic,9,440,71.0,0.0159997940063
mimic,9,450,71.0,0.0160000324249
mimic,9,460,71.0,0.0149998664856
mimic,9,470,71.0,0.018000125885
mimic,9,480,71.0,0.0160000324249
mimic,9,490,71.0,0.0160000324249
